company,tenure,before_N,before_lt,before_D,before_gt,after_N,after_lt,after_D,after_gt
A,6-11,,,,,8.4,1.3,63.4,26.9
A,12-17,,,,,8.5,1.4,61.0,29.1
A,18-23,,,,,8.8,1.4,56.5,33.4
A,24-29,46.9,1.7,12.0,39.4,9.0,1.7,53.3,36.1
A,30-35,40.8,1.4,10.9,46.9,8.4,1.6,50.3,39.7
A,36-41,40.2,1.7,12.7,45.5,6.8,1.3,48.5,43.4
A,42-47,35.3,0.9,10.7,53.2,8.3,1.6,45.8,44.3
A,48-53,31.5,1.9,13.4,53.3,,,,
B,3-5,68.9,3.0,3.6,24.5,13.5,1.2,71.8,13.6
B,6-11,64.0,3.0,4.4,28.6,13.7,1.3,66.2,18.9
B,12-17,64.2,2.7,3.4,29.8,12.7,1.6,54.9,30.8
B,18-23,53.4,3.4,4.5,38.8,12.0,1.5,47.5,39.0
B,24-26,47.3,3.9,5.3,43.6,12.1,1.4,41.4,45.0
