figure,series,bin,fraction
MS_4C,WINDOW,0%,0.62607
MS_4C,WINDOW,1-2%,0.02898
MS_4C,WINDOW,3%,0.04638
MS_4C,WINDOW,4-5%,0.04638
MS_4C,WINDOW,6%,0.11014
MS_4C,WINDOW,7-9%,0.03478
MS_4C,WINDOW,10%,0.04058
MS_4C,WINDOW,11-14%,0.01159
MS_4C,WINDOW,15%,0.05797
MS_4C,NEW,0%,0.13913
MS_4C,NEW,1-2%,0.01159
MS_4C,NEW,3%,0.64926
MS_4C,NEW,4-5%,0.01739
MS_4C,NEW,6%,0.06377
MS_4C,NEW,7-9%,0.02319
MS_4C,NEW,10%,0.03478
MS_4C,NEW,11-14%,0.00580
MS_4C,NEW,15%,0.04638
CC_3C,Hired before AE,1-2%,0.00968
CC_3C,Hired before AE,3%,0.11613
CC_3C,Hired before AE,4-5%,0.09355
CC_3C,Hired before AE,6%,0.34516
CC_3C,Hired before AE,7-10%,0.21935
CC_3C,Hired before AE,11-15%,0.22258
CC_3C,Hired after AE,1-2%,0.01613
CC_3C,Hired after AE,3%,0.46452
CC_3C,Hired after AE,4-5%,0.03871
CC_3C,Hired after AE,6%,0.21935
CC_3C,Hired after AE,7-10%,0.13226
CC_3C,Hired after AE,11-15%,0.13548
